yyyymmdd,month,u925,v925,wd925,ws925
2008/1/6,1,-6.691387772,1.63880519,103.7615766,6.889147463
2008/1/7,1,1.684414433,1.283701233,232.6887812,2.117815109
2008/1/8,1,-5.067365926,2.193487497,113.406118,5.521737483
2008/1/9,1,0.851962022,0.891947613,223.6865121,1.23345443
2008/1/10,1,-2.782289401,5.017493615,150.9908526,5.737279537
2008/1/11,1,-2.97738829,5.81206921,152.8749889,6.530313127
2008/1/19,1,-8.15081076,-2.63267903,72.09975247,8.565437229
2008/1/20,1,-4.222441318,3.249314258,127.5795235,5.327950247
2008/2/21,2,-4.767027919,-1.832941977,68.96804158,5.10727241
2008/2/22,2,-2.445454765,7.971760228,162.9458342,8.338417724
2008/2/25,2,-7.68446317,0.345168735,92.57186831,7.692211364
2008/2/28,2,-2.166379195,-3.689154438,30.42269974,4.278207485
2008/3/1,3,-5.511928113,-7.109556591,37.78586223,8.99595167
2008/3/2,3,-5.674930771,-1.260285361,77.4789892,5.81318832
2008/3/5,3,-2.919030243,-6.012350311,25.89683661,6.683494132
2008/3/6,3,-2.805785283,-0.223912107,85.43725334,2.814705613
2008/3/12,3,-4.987734041,-3.396669318,55.74496074,6.034472083
2008/3/13,3,-5.683120877,4.506341672,128.4121068,7.252928937
2008/3/15,3,-1.861832364,-3.005003846,31.78141802,3.535034351
2008/3/16,3,-4.973054013,1.239696317,103.9975561,5.125242743
2008/3/17,3,-0.693821815,4.3757916,170.9902349,4.430456053
2008/3/20,3,-3.157862768,-5.888021967,28.20554037,6.681384583
2008/3/21,3,-1.773059226,-1.100749747,58.16718309,2.086956881
2008/3/22,3,-1.723013272,4.929817104,160.7350423,5.222247736
2008/3/24,3,-3.407918981,-6.530353637,27.55817644,7.366100081
2008/3/25,3,-2.015051181,-2.964743374,34.20282455,3.584708431
2008/3/27,3,-1.465829327,2.932604141,153.4423383,3.278539715
2008/3/28,3,-5.437339893,2.486005268,114.5703454,5.978702811
2008/3/29,3,-5.186048667,6.148952098,139.8555942,8.04392396
2008/4/4,4,-3.758220286,1.635968874,113.5236921,4.098855191
2008/4/5,4,1.674308344,3.019663699,209.0069872,3.452778198
2008/4/6,4,3.479599307,6.616495263,207.7397766,7.475668592
2008/4/7,4,0.678549355,2.169023095,197.3715819,2.272683527
2008/4/8,4,-2.762426997,3.521726454,141.8895162,4.475886519
2008/4/9,4,1.055740527,12.11270447,184.9812984,12.15862647
2008/4/11,4,-1.237135128,-2.555926066,25.82819739,2.839588242
2008/4/12,4,-3.841408629,0.869067849,102.7478123,3.938489454
2008/4/14,4,-1.255181753,-4.122759887,16.93296622,4.309597466
2008/4/15,4,-3.009680636,0.30548804,95.79577598,3.025144703
2008/4/20,4,-5.156852142,2.509977619,115.9534237,5.735251665
2008/4/25,4,-1.228562391,-3.723340749,18.26094636,3.920794802
2008/4/26,4,-0.624466934,-1.669826881,20.50434228,1.782773335
2008/4/27,4,-5.763217394,1.590664192,105.4296546,5.978702811
2008/4/29,4,-7.461202375,1.072812219,98.18221896,7.537935191
2008/4/30,4,-6.524108441,3.535098955,118.4511227,7.420304278
2008/10/3,10,0.329781151,-0.414615144,321.5015765,0.529774787
2008/10/16,10,-6.470086597,1.231554014,100.7770902,6.586254312
2008/10/17,10,-2.846891302,0.602986102,101.9587994,2.910048509
2008/10/19,10,-6.857485267,-5.049096106,53.63616493,8.515778043
2008/10/20,10,-5.763815475,-4.293183915,53.31937845,7.187001945
2008/10/21,10,-3.413317948,-3.099401624,47.75954933,4.610534659
2008/10/22,10,-1.298216942,0.330083025,104.2656677,1.339523062
2008/10/25,10,-7.714248311,-1.20293036,81.13689412,7.807475165
2008/10/28,10,-4.854377903,-5.576774306,41.03837777,7.393605107
2008/10/29,10,-2.229846262,0.610919274,105.3215696,2.31202005
2008/10/30,10,-5.840409734,0.691843746,96.75566642,5.881244224
2008/11/2,11,-2.764658121,5.870211064,154.7812523,6.488660298
2008/11/4,11,-6.979285662,-4.029492455,60,8.058984911
2008/11/5,11,-6.259054086,2.360766878,110.6652868,6.689467714
2008/11/6,11,-1.045891958,3.704005531,164.232028,3.848837092
2008/11/11,11,-3.28461042,-10.19416831,17.85919208,10.71026298
2008/11/22,11,-6.800689228,-1.713938115,75.85465392,7.013341417
2008/11/23,11,-6.094331964,2.929974166,115.6768682,6.762072959
2008/11/27,11,-2.964382642,-8.534499486,19.15421681,9.034669109
2008/12/2,12,-3.905046436,-5.718814687,34.32689967,6.924899212
2008/12/3,12,-8.512801299,0.819781036,95.5006102,8.552182581
2008/12/4,12,-5.467025311,-1.004069994,79.59307453,5.558464023
2008/12/10,12,-3.183400016,-3.475752761,42.48619238,4.713267754
2008/12/12,12,-6.701098599,2.582131915,111.0731527,7.181373661
2008/12/13,12,-1.418824035,-0.97269806,55.56677511,1.720233461
2008/12/14,12,-3.837054967,-9.337431,22.33935948,10.09507843
2008/12/19,12,-5.000829404,-3.956940196,51.64695407,6.376964046
2008/12/20,12,-4.389275307,2.379532003,118.4631891,4.992785823
2008/12/24,12,-6.778396202,0.903451199,97.59186148,6.838338917
2008/12/27,12,-5.792099481,-0.626754927,83.8241342,5.825910928
2008/12/28,12,-6.514615931,2.625582265,111.9508878,7.023809719
2009/1/1,1,-1.147420484,-10.37159192,6.313022345,10.43486908
2009/1/16,1,-3.28006445,-1.581717062,64.25564335,3.641517769
2009/1/17,1,-7.616616985,0.107572387,90.80915635,7.61737659
2009/1/18,1,-4.64439837,1.016107566,102.3407994,4.754251866
2009/1/20,1,-5.335349193,0.937326574,99.964174,5.41705936
2009/1/22,1,-3.246208044,0.095645265,91.68765679,3.24761677
2009/1/29,1,-4.769925995,2.852345989,120.8788065,5.55770381
2009/2/1,2,-7.364690302,-1.691926101,77.06166444,7.556538704
2009/2/2,2,-8.108712589,3.253496495,111.8623667,8.73707384
2009/2/10,2,-3.494045976,-3.732123902,43.11297988,5.112446195
2009/2/11,2,-1.130632155,-2.314722157,26.03331845,2.576095444
2009/2/12,2,-2.348231442,5.668537217,157.4978738,6.135674787
2009/2/13,2,-0.846826439,12.72523607,176.1927506,12.75338183
2009/2/18,2,-6.211706185,-0.403219772,86.28597635,6.224779507
2009/2/19,2,-6.109687652,9.602629579,147.5333802,11.38151036
2009/2/21,2,-4.76902974,-4.075253751,49.48529299,6.273064466
2009/2/22,2,-2.731892594,7.160817954,159.1178639,7.664238443
2009/2/23,2,3.59173372,5.391796014,213.669486,6.478581278
2009/2/24,2,3.34533061,5.383306195,211.8579247,6.338077191
2009/3/10,3,-7.244072817,-3.804304606,62.29329572,8.182256688
2009/3/11,3,-2.930525349,3.477197496,139.8763569,4.547403792
2009/3/12,3,-8.002120052,6.672129393,129.8211855,10.41879244
2009/3/13,3,-1.757422526,5.193958502,161.3062893,5.4832234
2009/3/15,3,-2.916014977,-2.934046132,44.82340256,4.13663753
2009/3/16,3,-2.677712707,2.663105473,134.8432954,3.776542877
2009/3/17,3,-4.652612594,1.534982685,108.2586757,4.899283192
2009/3/18,3,-1.624201639,5.388447776,163.2259896,5.627912615
2009/3/19,3,-0.371065934,7.194636863,177.047566,7.204199437
2009/3/21,3,-1.009726543,3.721601845,164.8202216,3.85614678
2009/3/22,3,5.34973957,9.592373102,209.148741,10.98332077
2009/3/26,3,-3.409224697,-2.2623495,56.43188818,4.091581393
2009/3/27,3,-3.78298722,4.732761744,141.3639852,6.058879932
2009/3/30,3,-2.404462599,-6.606206696,20,7.030178326
2009/4/2,4,-4.629379253,-6.767767354,34.37343358,8.199623603
2009/4/3,4,-3.86088143,2.229080933,120,4.458161866
2009/4/4,4,-3.373355815,2.886552851,130.5533322,4.439787924
2009/4/11,4,-5.702445414,-1.187317107,78.23837834,5.824740819
2009/4/12,4,-4.436795529,1.167658341,104.7445359,4.587873208
2009/4/15,4,-3.021081559,-2.808110993,47.09238064,4.124611634
2009/4/18,4,-7.007759122,-3.072284269,66.32678783,7.651641558
2009/4/19,4,-9.054839852,4.02446931,113.9629965,9.90890902
2009/4/20,4,0.62702527,12.40566537,182.8934648,12.42150127
2009/4/21,4,-5.768319733,-8.264069095,34.91503852,10.07811245
2009/4/22,4,-9.298593934,-3.603879694,68.81503683,9.972552231
2009/4/23,4,-9.803172825,-3.951346582,68.04720693,10.56954764
2009/4/24,4,-7.270666812,3.517030226,115.8143868,8.076638998
2009/4/28,4,-4.1106688,-4.959936143,39.65107452,6.441937948
2009/4/29,4,-6.739527707,-1.373441558,78.48147693,6.878050263
2009/4/30,4,-9.447452146,-3.034595354,72.1925764,9.92285851
2009/10/18,10,-2.864645239,-5.493582314,27.53992593,6.195614496
2009/10/27,10,,,,
2009/10/28,10,-8.543073731,-1.495859369,80.06840897,8.67304468
2009/11/4,11,-9.771928375,-2.856501525,73.70545725,10.1808735
2009/11/5,11,-8.08127269,-1.141195816,81.96213256,8.161451842
2009/11/6,11,-4.69240376,4.286543421,132.4119163,6.355557218
2009/11/7,11,-5.70961138,4.128020129,125.8667388,7.045581047
2009/11/8,11,-4.002756049,3.417236711,130.4880802,5.263037405
2009/11/9,11,-2.253911359,0.946485649,112.7790104,2.444575934
2009/11/12,11,-3.448472243,-0.336204503,84.43161745,3.464822402
2009/11/15,11,-5.107200278,-3.685562599,54.18425748,6.298163728
2009/11/26,11,-7.0566223,-4.478787367,57.59699784,8.357957559
2009/12/6,12,-3.623652724,-3.395215242,46.86410191,4.965717029
2009/12/7,12,-6.132227513,-1.803461585,73.61161839,6.391923651
2009/12/8,12,-5.741692663,-3.206238258,60.82042275,6.576245008
2009/12/9,12,-3.217589812,0.865442761,105.0546828,3.331947685
2009/12/12,12,-8.253607573,-1.138983803,82.14290473,8.331825855
2009/12/15,12,-7.082458275,2.853428669,111.9438529,7.635657823
2009/12/22,12,-3.989296695,-1.30373377,71.90219788,4.196928623
2009/12/23,12,-6.064125415,3.122798993,117.2467827,6.820959654
2009/12/24,12,-3.47829243,3.855737523,137.9461221,5.192805607
2009/12/29,12,-5.094671105,-3.266357357,57.33476292,6.051839725
2010/1/1,1,-2.710936895,-3.535639977,37.4790329,4.455325903
2010/1/9,1,-7.487385895,-1.667865924,77.44200936,7.670901138
2010/1/10,1,-4.960900171,-1.559669042,72.54725143,5.200297879
2010/1/14,1,-1.726518275,-4.605984576,20.54812785,4.918938836
2010/1/15,1,-4.102250663,-1.832636802,65.92780492,4.492996567
2010/1/18,1,-5.583664557,-1.888772617,71.31098931,5.894469602
2010/1/19,1,-6.901060717,3.340369688,115.8287062,7.66698824
2010/1/20,1,-3.899780766,5.621573661,145.2503003,6.841811196
2010/1/24,1,-6.487534478,-1.193457822,79.57631447,6.596396378
2010/1/26,1,-5.191191828,-7.350121896,35.23252484,8.998486788
2010/1/27,1,-3.781756495,2.93149664,127.7816977,4.784909063
2010/1/29,1,-5.861395513,-5.480375521,46.92409372,8.024367465
2010/1/30,1,-4.087851695,-0.208539189,87.0796234,4.093167486
2010/1/31,1,2.543243809,6.26729385,202.0871255,6.763657389
2010/2/6,2,-1.601551807,-0.189129014,83.26507015,1.61268037
2010/2/9,2,0.128258843,7.743888033,180.9488798,7.744950109
2010/2/10,2,3.509859462,10.68660703,198.1820081,11.24823023
2010/2/13,2,-3.981236177,-5.842123111,34.27328672,7.069698999
2010/2/20,2,-6.116004686,-4.751544356,52.15624738,7.744849068
2010/2/21,2,-6.828363978,1.857503461,105.2177991,7.076501518
2010/2/22,2,-4.790699173,1.634619267,108.8399915,5.061894775
2010/2/23,2,1.365036536,-5.899219875,346.9714707,6.05509041
2010/2/24,2,-2.779556276,4.008699906,145.2632968,4.878074213
2010/2/25,2,-1.5754811,8.329292822,169.2890756,8.476984111
2010/2/26,2,2.486282579,10.30773949,193.5610191,10.60335298
2010/2/28,2,-5.400793267,-0.96213654,79.89888193,5.485824882
2010/3/1,3,1.614554428,7.801126572,191.6930896,7.966452272
2010/3/3,3,-5.836100773,1.273022713,102.305126,5.973328977
2010/3/4,3,2.938552084,8.89914548,198.2735381,9.371759633
2010/3/11,3,-2.714027521,-2.890515035,43.19634713,3.964974471
2010/3/12,3,-4.730677961,4.116826285,131.0311025,6.271169957
2010/3/13,3,-5.290612244,3.603862655,124.2619335,6.401437647
2010/3/14,3,-4.651439489,6.591998683,144.7924794,8.067858201
2010/3/17,3,-4.514626424,-2.227135553,63.74215853,5.034082292
2010/3/18,3,1.076909858,-5.353002696,348.6251479,5.460253905
2010/3/19,3,-2.029915229,1.795943377,131.5004131,2.71034471
2010/3/20,3,-0.164729611,9.489508271,179.005495,9.490937944
2010/3/21,3,-7.511441571,-4.973058564,56.49287268,9.008499651
2010/3/22,3,-3.321126085,2.263635719,124.2778262,4.019194588
2010/3/23,3,-0.984713903,6.859045481,171.8301961,6.929369841
2010/3/24,3,0.274798723,8.064453923,181.951616,8.06913449
2010/3/29,3,-6.644313426,-3.559995231,61.81778104,7.537935191
2010/3/30,3,-6.991434769,-0.328080575,87.31330502,6.999128302
2010/3/31,3,-4.028632195,6.095375936,146.5379871,7.306400288
2010/4/1,4,-0.664492264,7.675722907,175.0522033,7.704431979
2010/4/3,4,-6.574190119,-4.248891785,57.12545875,7.827710848
2010/4/8,4,-6.079060204,-1.071902331,80,6.172839506
2010/4/9,4,8.281045669,-8.361799124,315.2780051,11.76840694
2010/4/10,4,-1.024110989,-1.101197307,42.92275529,1.503808108
2010/4/11,4,-3.883164799,5.658791204,145.541382,6.863008579
2010/4/12,4,4.861691788,10.45147778,204.946336,11.52690049
2010/4/17,4,-6.105657887,-2.222277731,70,6.497505409
2010/4/18,4,-10.39791008,4.745075717,114.529537,11.42944782
2010/4/19,4,-2.388179473,10.77494564,167.5028812,11.03643306
2010/4/20,4,0.715845765,7.126146143,185.7363139,7.162010473
2010/4/21,4,-0.924836668,9.102419345,174.1984634,9.149281983
2010/4/25,4,-8.117198386,-3.059526932,69.34761669,8.674653578
2010/4/27,4,-1.132858033,-5.329754288,11.99983324,5.448820798
2010/4/28,4,-4.74567705,2.886471464,121.309295,5.554562825
2010/4/29,4,-5.092382568,-4.5851528,48.00030484,6.852443828
2010/4/30,4,-3.580763727,-3.436903594,46.17438228,4.963282703
2010/10/1,10,,,,
2010/10/2,10,-5.806749232,1.646372631,105.8294874,6.035634141
2010/10/6,10,-6.40520302,-3.974146602,58.18221896,7.537935191
2010/10/7,10,-7.564448407,0.526790112,93.98366103,7.582769119
2010/10/11,10,-2.958751681,1.718675917,120.1513928,3.421704023
2010/10/30,10,-0.994553155,-10.08178635,5.633914668,10.13072317
2010/11/5,11,-8.449550348,-2.124805957,75.88452934,8.71261737
2010/11/10,11,-3.996294447,-3.727767057,46.99108879,5.465035822
2010/11/11,11,-7.216885784,-2.300728961,72.31782102,7.574747136
2010/11/12,11,-7.510759054,-5.076652665,55.94455535,9.065533842
2010/11/13,11,-8.266561406,-8.979853266,42.63166228,12.20548246
2010/11/20,11,-6.078131011,-5.903770779,45.83370741,8.473381025
2010/11/21,11,-5.600657147,1.562577887,105.5890505,5.814551585
2010/11/27,11,-5.739768513,-2.418740966,67.14942098,6.228583342
2010/11/28,11,-6.716426072,0.395894949,93.37335569,6.728083828
2010/11/29,11,-5.907899633,6.203783664,136.3994368,8.566808613
2010/12/2,12,1.044924942,-0.406121435,291.2391563,1.121072145
2010/12/4,12,-4.673123116,-4.366728009,46.94122984,6.395810595
2010/12/5,12,-5.945983977,2.60776465,113.6810932,6.492700665
2010/12/7,12,-3.801592635,-12.54212609,16.8623667,13.10561076
2010/12/8,12,-0.417533322,-6.315637586,3.782379044,6.329424318
2010/12/9,12,-2.625916056,-5.560572227,25.27848287,6.149422625
2010/12/10,12,-2.108018875,-0.943499897,65.88782815,2.309531475
2010/12/12,12,-9.269405948,4.421330908,115.5002572,10.26986142
2010/12/13,12,-1.124565786,6.252567314,169.8039823,6.352892744
2010/12/18,12,-4.236428899,-5.260709104,38.84436025,6.754434846
2010/12/19,12,-5.764764565,0.834384229,98.23572067,5.824835408
2010/12/23,12,-3.98182262,-5.723319038,34.82707483,6.972179873
2010/12/28,12,-1.715552351,-1.642586777,46.24472559,2.375123405
2010/12/29,12,-7.02813056,-3.438041986,63.9329057,7.823985676
2011/1/14,1,-9.535957831,3.836585275,111.9163164,10.27880724
2011/2/6,2,-2.211130389,-2.272784622,44.21222754,3.170906422
2011/2/7,2,-3.790609751,-3.517838548,47.13744249,5.171451473
2011/2/8,2,-1.919834579,6.497490576,163.5390002,6.775186241
2011/2/15,2,-3.409279361,-5.546379463,31.57844188,6.510415572
2011/2/16,2,-7.005976997,2.097715918,106.6686488,7.313284197
2011/2/23,2,0.622383758,-2.055995714,343.1580718,2.148134055
2011/2/24,2,-2.203605321,-1.566049921,54.59949671,2.703403183
2011/2/26,2,-4.451314963,-1.773851973,68.2726853,4.791738278
2011/2/27,2,-1.90574561,1.649993059,130.8859884,2.520782304
2011/3/5,3,-6.170689073,-0.821247933,82.41913831,6.225098537
2011/3/6,3,-3.039218522,4.312416182,144.8253491,5.275773171
2011/3/8,3,-3.41260522,-7.671970148,23.98020214,8.396725572
2011/3/9,3,-4.215336483,-2.437985527,59.95659315,4.869582641
2011/3/12,3,-3.835208069,8.401437565,155.4635742,9.23541954
2011/3/13,3,0.622498991,-1.894290172,341.8085148,1.993950915
2011/3/14,3,1.028172635,3.503841867,196.3538782,3.65158141
2011/3/17,3,-6.19905088,-5.80340306,46.88800931,8.491626399
2011/3/18,3,-6.622118283,0.267975583,92.31730944,6.627538115
2011/3/19,3,-4.855957871,4.413820716,132.2692542,6.562174956
2011/3/20,3,-0.777108478,7.279905803,173.906918,7.321265334
2011/3/21,3,2.590803284,4.787295101,208.4215038,5.44338645
2011/3/31,3,-5.380164843,-1.735570877,72.12097708,5.65317433
2011/4/1,4,-6.071527709,0.889398771,98.33380372,6.136324543
2011/4/2,4,-4.495126688,0.827343755,100.4287729,4.570630332
2011/4/6,4,-8.559685984,0.313832407,92.09975247,8.565437229
2011/4/7,4,-4.847265301,5.267383224,137.378447,7.158303355
2011/4/10,4,-3.430183382,2.405409478,125.0399848,4.189528947
2011/4/12,4,-4.995698966,-3.911322673,51.94125742,6.344718529
2011/4/13,4,-1.193759414,0.861311309,125.810887,1.472045756
2011/4/14,4,1.171658306,2.826851832,202.5127653,3.060044847
2011/4/15,4,1.40613318,5.81139174,193.6019518,5.979087261
2011/4/20,4,-3.740462754,-3.696330184,45.34000951,5.258699311
2011/4/21,4,-4.506875738,1.570225129,109.2086725,4.772581678
2011/4/22,4,-3.668839765,5.493832206,146.2645781,6.606252911
2011/4/24,4,-4.357052776,-0.828323514,79.23589665,4.435090612
2011/4/25,4,-4.716083808,2.560510228,118.498927,5.366345042
2011/4/26,4,2.059614223,6.825842863,196.7905433,7.129806556
2011/4/27,4,5.55131298,3.68639001,236.4135604,6.66382376
2011/4/28,4,-4.337809502,-4.67011536,42.88729441,6.373897454
2011/4/29,4,-6.622916321,3.075949609,114.9120574,7.302361713
2011/4/30,4,-3.637332363,9.867858765,159.765911,10.51688278
2011/10/4,10,0.483146266,8.207374491,183.3689619,8.221582959
2011/10/9,10,-8.111295049,2.003678168,103.8756069,8.355108232
2011/10/10,10,-3.648425925,6.155536237,149.3445049,7.155531992
2011/10/11,10,-2.051833292,-0.339461673,80.60590142,2.079724522
2011/10/12,10,-2.19519821,-1.046043416,64.52153098,2.431687071
2011/10/23,10,-5.305772107,-2.743078945,62.66108082,5.972913841
2011/11/2,11,-7.39489042,0.701830895,95.42156255,7.428120282
2011/11/3,11,-6.049096188,3.658197168,121.1634945,7.069227059
2011/11/4,11,-6.782650424,3.748035438,118.9246697,7.749330062
2011/11/5,11,-5.935032381,-0.900593496,81.37164824,6.002972431
2011/11/16,11,-10.71980181,0.096558924,90.51607943,10.72023668
2011/11/17,11,-9.447314924,4.326125132,114.6040443,10.39072269
2011/11/18,11,-3.632125179,9.742901223,159.5546915,10.3979064
2011/11/21,11,-5.006379198,-6.509564553,37.56318271,8.21208033
2011/11/22,11,-6.238622255,-2.810181406,65.75086277,6.842333459
2011/11/25,11,-6.916777295,-4.733717137,55.61296806,8.381520512
2011/11/26,11,-7.45703114,-4.498467409,58.89944436,8.70881866
2011/11/27,11,-6.807468065,-2.715057874,68.25614657,7.3289263
2011/11/30,11,1.070264642,1.046475473,225.6438965,1.496855811
2011/12/1,12,-2.329612609,-8.925195534,14.62869178,9.224218679
2011/12/2,12,-2.339451884,-7.345175797,17.66677205,7.708738069
2011/12/5,12,-10.50462499,-3.000364764,74.05942837,10.92471212
2011/12/6,12,-15.13345893,-1.972154051,82.57520131,15.261421
2011/12/7,12,-8.571458874,3.848533022,114.1797909,9.395802981
2011/12/8,12,1.05536913,-7.638177814,352.1332356,7.710743435
2011/12/23,12,-4.984044443,-9.282699617,28.23213218,10.53609089
2011/12/27,12,-9.015794904,-2.34192198,75.43878928,9.314996313
2012/1/14,1,-3.717917211,8.079183579,155.2888329,8.893599704
2012/1/17,1,-1.973771395,-6.73106711,16.34288126,7.014487719
2012/1/18,1,-6.416785771,1.131452461,100,6.515775034
2012/1/26,1,-9.154344411,-4.34294285,64.61971475,10.13228376
2012/1/27,1,-2.28717174,10.22771128,167.3946251,10.48032598
2012/1/28,1,0.428650262,0.478792682,221.8372332,0.642637907
2012/1/29,1,-1.258926186,-4.271882587,16.42027476,4.453523996
2012/2/4,2,-8.851976153,-1.885477516,77.9756525,9.050552871
2012/2/5,2,-2.613775688,7.469236988,160.7130786,7.913363667
2012/2/6,2,-4.364094643,8.956776025,154.0228294,9.963390929
2012/2/9,2,-4.338434722,-5.472322429,38.40723621,6.983432437
2012/2/12,2,-7.623497871,-0.583677818,85.62180511,7.645809282
2012/2/13,2,-4.518392846,4.722832897,136.2673256,6.536132227
2012/2/14,2,-2.158610439,6.427667077,161.436348,6.780450065
2012/2/20,2,-6.1620972,-2.496186623,67.94776112,6.648487765
2012/2/21,2,-5.721754429,1.639792077,105.991722,5.952091381
2012/2/22,2,-5.945604784,5.649720753,133.5382706,8.201802292
2012/2/29,2,-4.587186674,-4.122226054,48.05589095,6.167254594
2012/3/1,3,0.866455966,2.59403426,198.4702836,2.734914931
2012/3/4,3,-1.871854538,6.404074598,163.706824,6.67203199
2012/3/15,3,-4.413710277,6.811068637,147.0559461,8.116125577
2012/3/16,3,-4.604646239,15.02393827,162.9603632,15.71373565
2012/3/17,3,0.663399194,7.549607999,185.0217963,7.578699059
2012/3/21,3,-4.790464246,-8.160780617,30.41338322,9.462921746
2012/3/22,3,-4.066838115,3.708516668,132.3614334,5.503841216
2012/3/23,3,1.228019756,6.449292536,190.7807236,6.565166162
2012/3/25,3,-4.33939073,-7.54343183,29.90984567,8.702509735
2012/3/26,3,-7.74050941,-1.45487089,79.35513798,7.876048199
2012/3/27,3,-5.990931956,-0.239110405,87.71442081,5.995701751
2012/3/28,3,-7.120252659,1.640981166,102.9781586,7.306902019
2012/3/29,3,-7.659614407,3.835565998,116.5995026,8.566286207
2012/3/30,3,-5.488010172,6.01923584,137.6431515,8.145517525
2012/4/1,4,-8.880783564,-2.596200928,73.7042908,9.252490257
2012/4/2,4,-5.821499673,7.515857737,142.2399887,9.506733191
2012/4/4,4,-5.65529501,-1.606924866,74.13775605,5.879163986
2012/4/8,4,-8.448883317,2.159438285,104.3372128,8.720481811
2012/4/9,4,-4.921505934,3.775706615,127.4948872,6.202997751
2012/4/10,4,-3.218483414,5.432591397,149.3558112,6.314402962
2012/4/11,4,2.450712665,7.059739455,199.1438949,7.47301236
2012/4/12,4,-2.268521906,3.816200589,149.270839,4.439547114
2012/4/18,4,-3.827862958,4.418869392,139.0991243,5.846275869
2012/4/20,4,-0.249120929,-0.82467791,16.80865834,0.861484123
2012/4/23,4,-3.49254013,1.45586422,112.6287989,3.78383102
2012/4/24,4,-3.319388088,8.125886307,157.7802055,8.777719838
2012/4/25,4,2.469269293,11.98823613,191.6386913,12.23989773
2012/4/27,4,-6.252190486,2.102102547,108.5836005,6.596114083
2012/4/28,4,-4.62179979,2.258268958,116.0407109,5.144007386
2012/4/29,4,-1.433807073,11.37048113,172.8129889,11.46052546
2012/4/30,4,6.562196034,8.387058284,218.0403112,10.64918605
2012/10/19,10,-2.112717041,-5.545468218,20.85588107,5.934289431
2012/10/20,10,-3.189561874,-2.01597994,57.70484363,3.773258548
2012/10/21,10,-6.847665534,-0.303159728,87.46505756,6.85437299
2012/10/22,10,-5.958802202,-0.103050006,89.00924016,5.959693196
2012/10/24,10,-4.459909155,-3.287055708,53.60893069,5.540354222
2012/10/27,10,-5.266865091,2.448943178,114.9370941,5.808372455
2012/11/2,11,-7.364844372,-2.062707871,74.35377546,7.648247929
2012/11/3,11,-8.377778434,-0.074722002,89.48898842,8.378111653
2012/11/7,11,-3.288398235,-5.240571117,32.10779937,6.186852882
2012/11/8,11,-6.875844533,2.312486973,108.5888436,7.254297625
2012/11/9,11,-3.096573944,4.432446579,145.0612702,5.406972616
2012/11/10,11,-0.57107105,6.50419322,174.9822725,6.529215235
2012/11/12,11,-9.157632605,-6.165952836,56.04710611,11.03998231
2012/11/13,11,0.975842094,-0.03068334,271.8009541,0.976324362
2012/11/14,11,-6.183529611,-4.06704413,56.66619628,7.401140885
2012/11/15,11,-6.164295096,-4.245532452,55.44366541,7.484856701
2012/11/16,11,-6.61847269,2.02869551,107.0413596,6.922411879
2012/11/20,11,-5.099884082,-1.666090232,71.90821026,5.365135069
2012/11/21,11,-6.80064828,6.421559343,133.3577442,9.353354555
2012/11/25,11,-6.715340571,3.180882699,115.3457014,7.430599823
2012/11/27,11,-5.39966079,-8.01957641,33.95277569,9.667985439
2012/12/6,12,-6.191299829,-10.14303211,31.3998625,11.88331998
2012/12/13,12,-10.93233751,-1.451474374,82.43713401,11.02827191
2012/12/14,12,-5.875484707,7.583363999,142.2319747,9.593160589
2012/12/15,12,-0.415707542,7.339069507,176.7580545,7.350833558
2012/12/20,12,-6.814741895,-1.791193529,75.27341962,7.046210425
2012/12/21,12,-4.976552629,4.550030903,132.4364802,6.743059935
2012/12/24,12,-5.8462739,-8.944275946,33.16995544,10.68545697
2012/12/25,12,-8.858406263,-1.77315482,78.68090342,9.034126385
2012/12/26,12,-8.544011478,1.825213525,102.0585521,8.73679212
2012/12/27,12,-8.134237928,3.275055621,111.9309974,8.768797864
2012/12/29,12,-6.611187701,-2.611604669,68.44458924,7.108324821
2013/1/1,1,-7.245270967,-4.493042283,58.19552217,8.52533755
2013/1/15,1,-2.678856384,-3.160993158,40.28037602,4.143446545
2013/1/19,1,-2.846469831,-2.809116481,45.37841492,3.999190656
2013/1/20,1,-6.151942482,4.654439038,127.1104347,7.714285389
2013/1/21,1,-4.90735407,8.255933637,149.2726112,9.604299256
2013/1/28,1,-5.497834868,-6.087884779,42.08449828,8.202958571
2013/1/29,1,-5.321496214,3.765742306,125.2850298,6.519136222
2013/1/30,1,-1.546394493,-6.199004982,14.0070392,6.388974777
2013/1/31,1,-1.560896184,5.006493453,162.6838615,5.244175206
2013/2/1,2,-5.657421568,6.146873915,137.3743475,8.354069531
2013/2/4,2,1.177437273,7.025753961,189.5137177,7.123733379
2013/2/13,2,-5.282924332,-7.271222802,36.00036997,8.987767828
2013/2/14,2,-3.564062916,1.0447718,106.3380069,3.714039927
2013/2/16,2,-5.121321338,-6.434656479,38.51616347,8.223912466
2013/2/17,2,-10.67857941,4.435355754,112.5555908,11.56306356
2013/2/18,2,-2.424321251,7.06755405,161.0669422,7.471790533
2013/2/24,2,-10.66551076,-0.405340546,87.82353314,10.67321043
2013/2/25,2,-5.476628048,2.516692627,114.6803535,6.027204705
2013/2/26,2,-5.059555842,6.090666394,140.283369,7.91803779
2013/2/28,2,-3.669515979,-2.777581897,52.8766777,4.60220694
2013/3/5,3,-7.55241051,-1.513100101,78.67097145,7.702491572
2013/3/6,3,-4.707706295,0.423222348,95.13707556,4.726691836
2013/3/7,3,-3.359059155,3.168847992,133.330979,4.61788653
2013/3/8,3,0.59117702,4.120394213,188.1648391,4.162587986
2013/3/9,3,-3.625056141,4.968678567,143.8862001,6.15051207
2013/3/12,3,-1.887982902,0.691897232,110.1265878,2.0107713
2013/3/15,3,-6.436245953,-3.495950418,61.49069181,7.324406549
2013/3/16,3,-4.79893667,-1.980704462,67.57219044,5.19162627
2013/3/17,3,-5.575003803,5.902882368,136.6362726,8.119401927
2013/3/19,3,-6.124009669,0.283149401,92.64723944,6.130552015
2013/3/21,3,-5.562981858,-3.817478342,55.54096437,6.746844303
2013/3/22,3,0.934963729,4.635278176,191.4038924,4.728632037
2013/3/23,3,-0.711940003,2.300292422,162.8027151,2.40794597
2013/3/26,3,-5.563299299,2.505039797,114.2410628,6.101272283
2013/4/3,4,-3.14031635,-5.477628612,29.82558322,6.313952961
2013/4/4,4,-3.553988672,4.723810992,143.0437984,5.911448703
2013/4/7,4,-3.512352658,-8.55774703,22.31469785,9.250494874
2013/4/8,4,-3.001302453,-1.2952628,66.65657085,3.268871691
2013/4/12,4,-7.329997179,-4.373028324,59.17997447,8.535352094
2013/4/13,4,-6.833881626,-0.953707208,82.05535768,6.90010837
2013/4/15,4,-4.446093056,-2.748114552,58.27993401,5.226841977
2013/4/16,4,0.31567596,2.259152626,187.9545509,2.281101028
2013/4/17,4,5.18563105,5.958076985,221.0347838,7.898699307
2013/4/18,4,-1.583805007,2.40204137,146.6008221,2.877193258
2013/4/20,4,-2.532651335,-0.134735215,86.95477674,2.536232711
2013/4/22,4,-3.737637654,-5.275715198,35.31607815,6.465532158
2013/4/23,4,-2.657047938,4.815976561,151.1138066,5.500321262
2013/4/27,4,-4.812923161,-0.44255482,84.74634867,4.833227092
2013/4/28,4,-5.126445215,1.32721211,104.5149086,5.295463391
2013/4/29,4,-1.627694759,3.206234421,153.0846643,3.59573767
2013/10/25,10,1.624617672,-12.05368993,352.3238324,12.16268159
2013/10/28,10,-3.805271769,-4.944187703,37.58351743,6.238997137
2013/10/29,10,-4.458051642,-3.712014586,50.21740708,5.801144433
2013/11/5,11,-7.90918252,-4.875800207,58.34727443,9.291318302
2013/11/7,11,-3.659590116,-4.952861277,36.46010336,6.158200602
2013/11/8,11,-8.799370351,-2.688159355,73.01237562,9.200821664
2013/11/9,11,-8.285159846,3.260667367,111.4823741,8.903697285
2013/11/12,11,-5.599929419,-4.904611668,48.78700427,7.444086586
2013/11/13,11,-8.671964195,-5.445031577,57.87573722,10.23969393
2013/11/14,11,-8.218457638,-4.321999178,62.26059682,9.285619141
2013/11/19,11,-1.236077515,-5.2954663,13.13883172,5.437816746
2013/11/20,11,-3.38435077,-2.302822659,55.76735157,4.093509782
2013/11/21,11,-6.981440101,-1.583223707,77.22279431,7.158708207
2013/11/22,11,-9.023922295,-0.38684837,87.54527851,9.032210429
2013/11/23,11,-6.950709037,-0.060346281,89.50256869,6.950970996
2013/11/24,11,-7.685731514,5.516248401,125.6679823,9.460415706
2013/11/26,11,-5.709142309,-5.831133526,44.39435403,8.160663214
2013/11/30,11,-3.171278422,-3.344373684,43.47823431,4.608887303
2013/12/3,12,-2.1158778,-4.873116653,23.47019434,5.312645742
2013/12/4,12,-0.598937544,-4.341900259,7.854022283,4.383015405
2013/12/5,12,-5.664986787,-3.852770986,55.78028696,6.85097946
2013/12/6,12,-6.772615761,-0.545815824,85.39240068,6.794574244
2013/12/7,12,-7.089587674,-2.580398887,70,7.544581619
2013/12/8,12,-10.39044451,-0.38684837,87.86779612,10.39764343
2013/12/12,12,-5.79656038,-3.353216989,59.95130873,6.696579457
2013/12/14,12,-6.865956957,-3.08622306,65.79625347,7.527691393
2013/12/15,12,-13.96308073,0.065397088,90.26834692,13.96323388
2013/12/31,12,-3.920238171,-5.810279071,34.00783043,7.009109088
2014/1/1,1,-4.275595057,-4.602683113,42.89009841,6.282149707
2014/1/2,1,-7.545028185,1.719886548,102.8411406,7.738569639
2014/1/5,1,-1.11358845,-6.312035289,10.0053377,6.409513922
2014/1/6,1,-4.391680627,-4.027115659,47.47956971,5.95856688
2014/1/7,1,-3.558512202,0.278497674,94.47498316,3.569393512
2014/1/10,1,-5.386924816,-7.185257984,36.85959415,8.980361422
2014/1/11,1,-6.848270777,-0.239110405,88.00030484,6.852443828
2014/1/16,1,-3.511983755,-6.510043936,28.3456007,7.396938688
2014/1/19,1,-6.024980443,-5.005310865,50.28156417,7.832849175
2014/1/23,1,-2.812761568,-5.541784902,26.910307,6.214741148
2014/1/24,1,-5.166878454,-1.610051517,72.69243833,5.411921918
2014/1/25,1,-2.25743246,1.545662047,124.3994087,2.735886049
2014/1/27,1,-5.925184691,-4.659683823,51.81778104,7.537935191
2014/1/28,1,-1.896813477,-3.416197466,29.04083763,3.907468041
2014/1/29,1,-6.154553449,2.026738675,108.2270855,6.479675749
2014/1/30,1,0.137135803,-0.535567179,345.6375907,0.552845758
2014/1/31,1,-7.167047845,-2.513171091,70.67645675,7.594906435
2014/2/1,2,-6.477400771,3.092682175,115.5224823,7.177841165
2014/2/2,2,,,,
2014/2/5,2,-8.150390414,-1.697948683,78.23204336,8.325376486
2014/2/15,2,-4.686744186,-8.38497222,29.20281997,9.605900801
2014/2/16,2,-6.979285662,4.029492455,120,8.058984911
2014/2/21,2,-4.451845263,-5.435568677,39.31819869,7.025975597
2014/2/22,2,-7.236310747,-1.229508076,80.3570703,7.340019301
2014/2/23,2,-8.255118717,0.086134188,90.59780441,8.255568068
2014/2/24,2,-8.707208433,2.023668232,103.0840023,8.939279155
2014/2/25,2,-5.391305068,4.174173287,127.7485309,6.818349724
2014/2/28,2,-4.252765201,1.136463243,104.9615065,4.401995065
2014/3/10,3,-5.381094564,-7.401471586,36.0182898,9.150844789
2014/3/11,3,-6.083212954,0.800640525,97.49787381,6.135674787
2014/3/12,3,-5.10567799,7.419698432,145.467178,9.006657124
2014/3/15,3,-5.1577195,-2.002645128,68.77974851,5.532870679
2014/3/16,3,-3.365449152,3.407718299,135.3575598,4.789445897
2014/3/17,3,-3.899780766,5.621573661,145.2503003,6.841811196
2014/3/18,3,-0.004603543,4.786481337,179.9448941,4.786483551
2014/3/19,3,,,,
2014/3/22,3,-3.920238171,-5.810279071,34.00783043,7.009109088
2014/3/23,3,-5.916908589,-2.091053928,70.53643319,6.275532948
2014/3/24,3,-5.427038998,0.058867714,90.62146951,5.427358261
2014/3/25,3,-2.787474061,4.292095533,146.9985481,5.117821382
2014/3/26,3,-3.589712448,5.361941332,146.198483,6.45263127
2014/3/27,3,1.18609831,2.75841794,203.2673296,3.002615315
2014/3/28,3,-2.427363524,7.001430831,160.8788065,7.410271747
2014/3/29,3,,,,
2014/3/30,3,-4.945701515,-13.41342522,20.23957597,14.29615122
2014/4/2,4,-0.641670242,-2.868470308,12.60934345,2.93936432
2014/4/5,4,,,,
2014/4/6,4,-4.746537268,-4.157503603,48.78480292,6.309869432
2014/4/10,4,-2.476588337,-4.423881942,29.2410806,5.06993306
2014/4/11,4,-3.822379859,1.387365053,109.9487935,4.066370566
2014/4/12,4,-0.784910125,4.85594915,170.8181902,4.918976118
2014/4/15,4,-6.159368617,-2.565459379,67.38761942,6.672286234
2014/4/16,4,-6.08117147,2.479527486,112.1826117,6.567244704
2014/4/17,4,-1.297050929,3.364994233,158.920637,3.606317693
2014/4/18,4,-0.307783481,1.436645531,167.907879,1.469245062
2014/4/19,4,-1.565967158,1.904929186,140.5777246,2.465970062
2014/4/21,4,-1.901845489,-1.166402241,58.47920175,2.231033494
2014/4/24,4,-0.167023316,4.681638248,177.9567678,4.684616684
2014/4/25,4,-6.933887165,2.116360163,106.9732308,7.249673893
2014/4/26,4,-8.032678317,4.429608322,118.8744725,9.173077501
2014/4/29,4,-1.931002234,-6.795347504,15.86331229,7.064383718
2014/4/30,4,-5.057910858,-1.618280019,72.2579123,5.31048891
2014/10/18,10,-5.222754573,-3.221383797,58.33380372,6.136324543
2014/10/19,10,-8.580583643,-0.503179284,86.64392642,8.595324604
2014/10/20,10,-8.76045832,3.093488181,109.449117,9.290602731
2014/10/21,10,-4.353476991,5.443683091,141.3496238,6.970397945
2014/10/24,10,-6.122825718,-2.228526311,70,6.515775034
2014/10/25,10,-4.082152604,-1.294940056,72.39993659,4.28262065
2014/10/28,10,-4.015370743,-4.36315852,42.62305076,5.929616722
2014/10/29,10,-6.279162891,-0.864386765,82.16195152,6.338379217
2014/10/30,10,-6.410560005,-0.926341299,81.7775381,6.47714349
2014/10/31,10,-3.432908627,-1.287354469,69.44375381,3.666352843
2014/11/5,11,-0.979177178,-5.208944242,10.6462192,5.300178116
2014/11/7,11,-5.837522781,-6.211078084,43.22416822,8.523741149
2014/11/8,11,-4.811466306,-1.370454315,74.10140893,5.002834501
2014/11/15,11,-10.67716865,-2.245254646,78.12455013,10.91068736
2014/11/20,11,-6.461129045,-3.291874733,63.00165407,7.251387991
2014/11/21,11,-8.989084635,2.192015825,103.7042908,9.252490257
2014/11/22,11,-9.708902704,-2.80964137,73.86018329,10.10726849
2014/11/23,11,-4.238348582,-1.350169187,72.33019114,4.448208127
2014/11/24,11,-5.934537989,2.561588677,113.346998,6.463781996
2014/11/27,11,-8.972047049,0.577906461,93.68543795,8.990639806
2014/11/28,11,-1.966092089,9.500895658,168.3083781,9.70219235
2014/11/29,11,-2.269139087,4.167554819,151.4327102,4.745261359
2014/11/30,11,0.329689228,6.059479996,183.1143257,6.068442371
2014/12/2,12,-5.139193808,-7.159503497,35.67132489,8.813047334
2014/12/3,12,-8.218179549,1.733759045,101.912796,8.399071111
2014/12/14,12,-9.989929174,-6.776098784,55.85123096,12.07121368
2014/12/18,12,-2.664358162,-7.350790109,19.92349146,7.818754353
2014/12/22,12,-1.965154274,-11.14494371,10,11.31687243
2014/12/23,12,-6.489864552,-3.580530682,61.11398841,7.412053823
2014/12/28,12,-4.076028572,-0.495477912,83.0691874,4.106033035
2014/12/30,12,-3.368067659,-5.954527335,29.49386363,6.841072689
2015/1/3,1,-3.257085372,-4.766388881,34.34653145,5.77296008
2015/1/4,1,-2.643648197,0.545552291,101.6600739,2.699352347
2015/1/5,1,-4.870347336,3.426831511,125.1306527,5.955120266
2015/1/7,1,-3.774170629,-6.295743222,30.94183413,7.340350581
2015/1/11,1,-7.204954358,-4.145855126,60.08313429,8.312609821
2015/1/12,1,-7.998048067,-3.92742292,63.84676071,8.910298742
2015/1/13,1,-12.53593822,0.927985769,94.23365723,12.57023884
2015/1/23,1,-1.966085649,-4.030636596,26.00244394,4.4845874
2015/1/24,1,-3.768996367,-0.363239351,84.49508557,3.786459618
2015/1/25,1,-4.733386459,3.816308486,128.8776112,6.080226791
2015/2/10,2,-3.052364671,-5.018875111,31.30700721,5.874183983
2015/2/11,2,-2.835551254,0.775091964,105.2882107,2.939577941
2015/2/12,2,1.906242648,-8.110221987,346.7731693,8.331234105
2015/2/13,2,-4.914665747,-3.43987358,55.01105049,5.998889034
2015/2/14,2,-7.013925514,2.250693638,107.7908798,7.366191212
2015/2/15,2,-4.111416585,6.585231251,148.0218597,7.763312241
2015/2/19,2,-2.796775835,-5.679451959,26.21736998,6.330728996
2015/2/20,2,-4.651943116,-0.38390701,85.28228994,4.667757422
2015/2/21,2,-3.108565678,7.797907449,158.2657466,8.394673381
2015/2/24,2,2.163242183,2.802435519,217.6650911,3.540234679
2015/2/25,2,-4.831884336,3.799934895,128.1825439,6.147081538
2015/2/28,2,2.325446039,4.941284192,205.2024131,5.461134383
2015/3/2,3,-4.664448642,-3.880548441,50.24152415,6.067597328
2015/3/8,3,-6.379547029,2.298120235,109.8106689,6.780853701
2015/3/13,3,-8.119279242,-0.822941659,84.21246551,8.160877918
2015/3/14,3,-1.269770609,1.889741872,146.1017385,2.276717317
2015/3/15,3,0.252220771,9.921042094,181.456306,9.924247656
2015/3/17,3,-0.067249802,4.616906141,179.1654894,4.617395895
2015/3/18,3,-1.759362877,6.6342213,165.1473294,6.863545002
2015/3/26,3,-8.549898685,0.537998412,93.60056324,8.566808613
2015/3/28,3,3.330949183,-8.616666385,338.8649678,9.238082162
2015/3/29,3,1.147511481,-1.869874792,328.4632423,2.193903903
2015/3/30,3,-0.900537737,3.102954018,163.8162413,3.230989299
2015/3/31,3,-1.827256578,8.456781282,167.8075359,8.651937139
2015/4/1,4,-0.286934926,4.936707203,176.6735551,4.945038894
2015/4/2,4,-1.555455957,5.453343051,164.0802713,5.670837122
2015/4/3,4,2.274568855,7.398648612,197.089015,7.74039177
2015/4/14,4,-2.913781746,-5.164780927,29.43011215,5.93001569
2015/4/15,4,-3.423914389,0.961029264,105.6784459,3.556229322
2015/4/16,4,-0.04076111,6.759668963,179.654508,6.759791857
2015/4/17,4,-2.527529977,5.166204985,153.9301286,5.751354774
2015/4/18,4,-1.328520014,9.938683787,172.3863133,10.02708337
2015/4/19,4,1.982260042,10.59164061,190.6004619,10.77553738
2015/4/23,4,-4.943253134,-2.390221761,64.19474059,5.490802456
2015/4/25,4,-7.960590082,-1.879165563,76.71798462,8.17938003
2015/4/26,4,-6.222560683,0.715420453,96.55861492,6.263552337
2015/4/27,4,-1.324442558,3.586103333,159.7294819,3.822863482
2015/4/28,4,1.296963972,6.970194266,190.5406428,7.089832413
2015/4/29,4,-2.922605789,3.949808766,143.5009275,4.913513396
2015/4/30,4,1.142474425,-3.380868315,341.3286871,3.568685805
2015/10/5,10,-4.454863188,-2.572016461,60,5.144032922
2015/10/7,10,-2.020762772,-2.964112626,34.28393283,3.587400987
2015/10/26,10,-4.597793463,-3.449107164,53.12402504,5.747699102
2015/10/28,10,,,,
2015/10/29,10,-6.351748973,0.707890399,96.35926401,6.391073762
2015/11/4,11,-9.914211381,0.095123532,90.54971691,9.914667709
2015/11/5,11,-5.536325387,3.524582482,122.4819921,6.563046583
2015/11/6,11,-5.867564906,4.361287524,126.6229601,7.31089234
2015/11/7,11,-5.665521396,3.821090836,123.9975561,6.83365699
2015/11/8,11,-2.905397832,2.733959411,133.2587247,3.989469968
2015/11/12,11,-7.153399479,-2.873983961,68.11147601,7.709144435
2015/11/13,11,-1.295480623,5.998446385,167.8130441,6.136744176
2015/11/15,11,-9.363817993,-6.105083277,56.89619083,11.17824357
2015/11/16,11,-6.728012535,6.97792794,136.0446209,9.693174455
2015/11/17,11,-3.339316526,5.389900119,148.2196849,6.340509298
2015/11/21,11,-8.550298881,-0.434649954,87.08990411,8.561339354
2015/11/25,11,-4.42065117,-8.127541039,28.54221327,9.251977092
2015/11/26,11,-1.177309285,-11.05615801,6.07820711,11.1186639
2015/11/28,11,-3.287005377,-2.523015019,52.49114635,4.143670974
2015/11/29,11,-6.872267647,2.27706199,108.3321351,7.239687418
2015/12/1,12,-7.419874602,-1.31567334,79.94497012,7.535617788
2015/12/2,12,5.033005382,4.824394042,226.2123649,6.971794679
2015/12/19,12,-7.741911638,-2.699922194,70.77424091,8.199193598
2015/12/20,12,-7.800880436,0.013920777,90.10224499,7.800892857
2015/12/22,12,-6.042683799,2.422006019,111.8417164,6.510003123
2015/12/25,12,-2.684036957,-5.210726469,27.25292408,5.861375668
2016/1/1,1,-9.497084949,-2.599228953,74.69371086,9.846350272
2016/1/2,1,-6.316484869,4.678262738,126.5252534,7.860287739
2016/1/3,1,2.17172494,4.436222679,206.0837688,4.939277364
2016/1/4,1,-8.855126207,2.244123321,104.2208675,9.135061556
2016/1/16,1,-7.668373792,-4.865014485,57.60790257,9.081427342
2016/1/26,1,-1.675141041,-3.818053052,23.68908954,4.169367651
2016/1/27,1,-7.009445755,2.773878595,111.5904081,7.538350764
2016/2/1,2,-2.950262293,-6.565547785,24.19700957,7.197948688
2016/2/5,2,0.536077796,-14.29281069,357.8520247,14.30286044
2016/2/9,2,-1.836121964,-0.950539118,62.62991961,2.067575508
2016/2/10,2,-5.31623668,3.585640917,123.998474,6.41242491
2016/2/11,2,-6.55621208,7.165415237,137.5421083,9.712213566
2016/2/12,2,-2.054824137,12.45856186,170.6343692,12.62687871
2016/2/13,2,0.413582379,8.498214327,182.7862139,8.508272277
2016/2/18,2,,,,
2016/2/21,2,-4.9873045,-5.341454945,43.03622306,7.307827796
2016/3/1,3,-3.427570611,-5.203580251,33.37268357,6.231010169
2016/3/2,3,-3.999377887,-3.626912177,47.79608685,5.399029118
2016/3/3,3,-2.589368208,0.409901111,98.99536927,2.621611458
2016/3/4,3,-5.533460703,3.550264047,122.6841989,6.57446288
2016/3/5,3,-6.347322546,3.388527467,118.0955947,7.195180464
2016/3/6,3,-1.66906838,0.488590448,106.3164651,1.739111808
2016/3/7,3,-2.103385189,-1.509743692,54.33040492,2.58912249
2016/3/8,3,-3.583156636,5.759753978,148.1141586,6.783345588
2016/3/12,3,-7.700278754,-3.097751126,68.0855318,8.300021381
2016/3/13,3,-4.313116273,7.674358432,150.6632937,8.803337397
2016/3/15,3,-4.372487287,-4.49801936,44.1892258,6.273023453
2016/3/16,3,-3.354033095,4.514993433,143.3926147,5.624473638
2016/3/17,3,-0.983490448,1.642768155,149.0919376,1.914664638
2016/3/18,3,0.511588802,8.588456636,183.408911,8.603680055
2016/3/22,3,-4.546745484,2.004756989,113.7937048,4.969099021
2016/3/24,3,-3.090418957,-10.06081597,17.07558548,10.52476638
2016/3/28,3,-2.96087762,-5.845721689,26.8623667,6.55280538
2016/3/29,3,-3.307448813,2.982949151,132.0469285,4.45389754
2016/3/30,3,-2.324632619,3.319919442,145,4.052873291
2016/4/1,4,-2.70531495,-5.364536256,26.76163333,6.008076083
2016/4/2,4,-1.999526416,0.870910725,113.5359427,2.180961113
2016/4/3,4,0.14758511,6.465581568,181.3076218,6.467265757
2016/4/5,4,1.947286125,6.249948221,197.3053818,6.546279555
2016/4/6,4,-0.537126512,6.349940191,175.1649944,6.372616835
2016/4/7,4,2.095585487,8.155007861,194.4114376,8.419954379
2016/4/16,4,1.556336459,7.813763256,191.264687,7.967250429
2016/4/19,4,-4.818164029,-3.688455992,52.56480855,6.067900149
2016/4/20,4,-5.570744509,3.672984195,123.3982436,6.672631211
2016/4/21,4,1.348844873,9.535824808,188.0510904,9.630749569
2016/4/23,4,3.344418112,9.06095515,200.2592125,9.658469897
2016/4/30,4,-4.32758495,0.042108733,90.55748797,4.327789811
2016/10/1,10,-6.049689892,2.013062145,108.4051006,6.375826769
2016/10/24,10,-3.164089889,-4.188375023,37.06906612,5.249185666
2016/10/25,10,-2.648904751,-1.450498505,61.29558155,3.020040114
2016/10/26,10,-3.490385081,-0.21286871,86.51001517,3.496870186
2016/10/27,10,-3.369235704,2.49049584,126.4713369,4.189787436
2016/11/5,11,-2.860439614,-1.880532983,56.67796207,3.423232257
2016/11/6,11,-3.62211794,-1.862395557,62.78899204,4.072868225
2016/11/7,11,-6.886796213,0.290903995,92.41878342,6.892937488
2016/11/11,11,-4.466510534,-8.320760829,28.22650849,9.443769223
2016/11/12,11,-5.583248995,1.369446243,103.7813076,5.748743546
2016/11/13,11,-5.764979473,-2.178939573,69.29534422,6.163015981
2016/11/14,11,-3.589915198,2.341206509,123.1108657,4.285876695
2016/11/17,11,-3.349662464,-1.426987287,66.9255455,3.640951983
2016/11/18,11,-4.30741415,0.541364507,97.16348874,4.341300748
2016/11/19,11,-1.082394482,3.660431549,163.5269815,3.817111073
2016/11/20,11,-0.446844414,4.850880636,174.7369865,4.871417953
2016/11/25,11,-7.57326742,-4.372427984,60,8.744855967
2016/12/11,12,-7.734095644,-2.814980604,70,8.230452675
2016/12/12,12,-7.129591243,1.771123981,103.950941,7.346288277
2016/12/13,12,1.665087978,-3.984180169,337.3187369,4.318125704
2016/12/14,12,-1.547985743,-11.02491108,7.992536556,11.13305548
2016/12/15,12,-1.355732202,-9.151782704,8.426433238,9.251655877
2016/12/17,12,-4.86688161,-4.309942161,48.47300866,6.500933628
2016/12/18,12,-9.018443363,0.173152936,91.09993634,9.020105467
2016/12/19,12,-7.94441574,-0.010355281,89.9253169,7.944422489
2016/12/20,12,-5.184559449,2.219727919,113.1778033,5.639756087
2016/12/21,12,-7.377242267,3.604957779,116.0428758,8.210933202
2016/12/24,12,-4.458096213,-6.156610526,35.9088745,7.601215364
2016/12/31,12,-5.528846319,-2.308168698,67.34056364,5.991309069
2017/1/1,1,-9.185287169,-1.605593916,80.0848389,9.324560698
2017/1/4,1,-3.129344021,0.815293695,104.6027542,3.233805468
2017/1/5,1,-1.763860029,1.11424368,122.2809109,2.086322406
2017/1/7,1,1.339486237,1.011449501,232.9434525,1.678467597
2017/1/17,1,-6.570966608,-2.08206269,72.41878342,6.892937488
2017/1/18,1,-2.023011771,7.780945631,165.426019,8.03963255
2017/1/19,1,5.387596086,-0.847201031,278.9365969,5.453800618
2017/1/28,1,-6.726806344,1.231642278,100.3756266,6.83863044
2017/2/3,2,-5.908872805,-1.70705035,73.88620006,6.15051207
2017/2/4,2,-7.106787828,3.5736564,116.695589,7.954712648
2017/2/8,2,-0.394202858,-2.227809115,10.03441768,2.262416704
2017/2/9,2,0.493165211,-12.15267919,357.6761676,12.16268159
2017/2/10,2,-1.084468665,-6.752757023,9.1235937,6.839283566
2017/2/14,2,-4.364724966,-4.745141858,42.60878763,6.447262619
2017/2/15,2,-4.523272522,-1.316842759,73.76834258,4.711058179
2017/2/16,2,-6.138672809,5.260011003,130.5921005,8.083997749
2017/2/17,2,-1.703978932,1.075923985,122.2690762,2.015231158
2017/2/19,2,-6.97264875,-0.83094769,83.20397274,7.02198723
2017/2/21,2,-8.074722494,-7.912402824,45.58171261,11.30518738
2017/3/1,3,-0.922403834,-10.33736275,5.099003546,10.37843425
2017/3/3,3,-4.841854687,-4.419208183,47.6129906,6.555376249
2017/3/4,3,-2.684228944,3.338435646,141.1993978,4.283717729
2017/3/9,3,-5.711039311,-3.691407198,57.12284882,6.800180667
2017/3/11,3,-11.72955122,-4.315416857,69.80093658,12.49820765
2017/3/12,3,-7.716049383,9.45E-16,90,7.716049383
2017/3/19,3,3.110158615,1.606874983,242.6766947,3.500733326
2017/3/27,3,-4.472465975,-5.733023777,37.95862631,7.271211284
2017/3/28,3,-4.159001337,0.488993207,96.70574578,4.187649279
2017/3/29,3,-2.377375834,3.36253971,144.7390047,4.118080761
2017/4/1,4,,,,
2017/4/2,4,-1.95E-15,-10.63100137,0,10.63100137
2017/4/3,4,-3.502870774,-2.034756007,59.8484497,4.050967251
2017/4/4,4,-3.199050225,2.685454058,130.0118975,4.176791333
2017/4/5,4,-3.296360039,5.334694599,148.287675,6.270961328
2017/4/6,4,-3.19647856,6.887898158,155.10532,7.593458779
2017/4/7,4,0.792511618,8.644394949,185.2381909,8.680647366
2017/4/8,4,1.559130242,5.328352719,196.3100131,5.551777176
2017/4/13,4,-5.213000267,-3.581841933,55.50712125,6.324947701
2017/4/14,4,-3.734077219,3.794225005,135.457758,5.323483452
2017/4/15,4,-1.082336975,4.520451941,166.5350887,4.648218915
2017/4/24,4,-5.91834724,0.83955406,98.07388989,5.977598604
2017/4/25,4,-7.499960573,4.386296495,120.320915,8.688440915
2017/4/28,4,-2.930945851,-6.179284597,25.37582694,6.83915212
2017/4/29,4,-1.772530868,-1.221061737,55.437806,2.15240736
2017/4/30,4,-2.487229908,2.3704755,133.6231674,3.435908425
2017/10/1,10,-6.269097817,1.407446093,102.6534057,6.425145286
2017/10/9,10,-9.824965127,-0.713679613,85.84536574,9.850851655
2017/10/10,10,-8.858535035,-1.502569364,80.37321335,8.98506303
2017/10/21,10,2.608776905,-16.60065577,351.0690649,16.80438898
2017/10/22,10,3.875272238,-13.59660195,344.09151,14.13808048
2017/11/6,11,-10.3135028,-0.111591874,89.38008511,10.31410649
2017/11/16,11,-11.1408668,2.241593237,101.376279,11.36413891
2017/11/22,11,5.769127272,1.889463506,251.8657119,6.070659093
2017/11/27,11,-7.229584673,-6.878583157,46.4251856,9.979068133
2017/11/28,11,-7.607837924,-0.138058943,88.96037131,7.609090494
2017/12/9,12,-5.204351065,-5.392034399,43.98528242,7.493951225
2017/12/15,12,-7.96204984,-5.095831923,57.3801442,9.453133906
2017/12/22,12,-5.420058227,-3.738203004,55.40605068,6.584162277
2017/12/23,12,-5.762335226,-0.477880888,85.25920602,5.782117035
2017/12/24,12,-0.694106334,2.920169958,166.6292702,3.001528975
2017/12/27,12,-4.852600605,-4.583134792,46.63580877,6.674792667
2017/12/28,12,-9.070989385,-1.252087173,82.14100761,9.156995725
2018/1/2,1,-8.338851302,-2.427420273,73.7698445,8.684976121
2018/1/3,1,-5.560955069,0.114902418,91.1836972,5.562142019
2018/1/6,1,-6.549187579,-4.941543523,52.96443482,8.204310473
2018/1/9,1,-2.639410758,-9.815770612,15.05054393,10.16444007
2018/1/10,1,-2.767618917,-7.569204354,20.08453423,8.059315667
2018/1/14,1,-7.129494064,-0.765466114,83.8718499,7.170468881
2018/1/15,1,-6.255754074,0.45729865,94.18091264,6.272446181
2018/1/28,1,-4.685903218,6.697863299,145.0229158,8.174292737
2018/2/8,2,-2.164518216,-6.05214945,19.67931278,6.427569687
2018/2/13,2,-4.081718373,-5.282147855,37.69463892,6.675440872
2018/2/14,2,-3.873610187,2.614627546,124.0187471,4.673449806
2018/2/17,2,-5.629225455,-8.846144696,32.47054987,10.48534478
2018/2/18,2,-7.284171435,0.481436425,93.78137919,7.300064008
2018/2/27,2,-7.152401529,-0.625754051,85,7.17972254
2018/3/1,3,-6.912676152,-3.164072271,65.4054681,7.602397314
2018/3/2,3,-5.718948296,4.458269931,127.9385946,7.251381964
2018/3/3,3,3.253636468,14.34172144,192.7820574,14.70615939
2018/3/4,3,0.755895681,5.323021427,188.0822492,5.376424034
2018/3/10,3,-0.250317082,-4.907005745,2.920251554,4.913386208
2018/3/11,3,-3.887547396,-2.488509757,57.37574452,4.615810391
2018/3/12,3,-6.926560475,1.925588403,105.5359659,7.189237144
2018/3/13,3,-4.902426362,2.602633926,117.9632469,5.550449314
2018/3/14,3,-4.749868061,3.449719343,125.9900367,5.870418226
2018/3/18,3,-4.111780678,1.734857998,112.8760372,4.462787539
2018/3/21,3,4.568512724,-11.61906424,338.5356892,12.48494943
2018/3/22,3,0.865508974,-5.581108571,351.1848846,5.6478207
2018/3/23,3,-2.16486618,-3.67819806,30.47966464,4.267995612
2018/3/24,3,-3.338927401,-2.345970367,54.9076634,4.080687829
2018/3/25,3,-8.00679085,2.173289811,105.1859573,8.296498558
2018/3/26,3,-3.006448377,1.582433981,117.7599245,3.397473936
2018/3/28,3,-3.766025891,-3.042428088,51.06658313,4.841417115
2018/3/29,3,-7.264935863,-2.331213014,72.2093144,7.629799946
2018/3/31,3,-6.687765266,-1.521083434,77.18647351,6.858563921
2018/4/1,4,-5.091265925,-0.462252787,84.81215164,5.112207582
2018/4/2,4,-3.905827944,1.115655695,105.941393,4.062041304
2018/4/3,4,-3.937317443,1.504722873,110.9153343,4.21505155
2018/4/4,4,-1.865314469,3.309511263,150.5934209,3.79898182
2018/4/8,4,-3.188837732,-4.240237322,36.94471314,5.30549702
2018/4/9,4,-2.545536169,-1.023336492,68.0992731,2.743532752
2018/4/10,4,-2.173489294,2.985778324,143.9473551,3.693091917
2018/4/11,4,0.865427087,7.128574026,186.9219798,7.180914404
2018/4/13,4,1.599706698,5.740049527,195.5727359,5.958794349
2018/4/18,4,-2.698935844,-3.678802251,36.26545814,4.562657196
2018/4/19,4,-2.79942974,-2.804606153,44.94707626,3.962653473
2018/4/20,4,-6.223846272,-2.432281521,68.65442272,6.682234343
2018/4/21,4,-3.530307353,-0.363448873,84.12204723,3.548966763
2018/4/22,4,-2.484203098,2.887742104,139.2959742,3.809241327
2018/4/26,4,-1.406922646,-2.496066897,29.40803527,2.86527159
2018/4/28,4,-5.73692865,-2.864800959,63.46422567,6.412443752
2018/4/29,4,-2.700879197,0.989710533,110.1248614,2.87650402
2018/4/30,4,-0.928400238,3.242321411,164.0215637,3.372621404
2018/10/16,10,-3.169943657,-1.029131194,72.01383106,3.332814696
2018/10/21,10,-2.131124948,-1.354570976,57.55942504,2.525184364
2018/10/22,10,-3.377303159,-1.130460775,71.49342537,3.561476968
2018/10/25,10,-7.709595823,-3.15629847,67.73587131,8.330671509
2018/11/6,11,-7.898831148,-1.603732142,78.52301007,8.059993194
2018/11/7,11,-6.570716132,0.885792056,97.67770317,6.630153698
2018/11/11,11,-4.962006579,0.366583793,94.22522943,4.975529416
2018/11/20,11,-5.908192894,-4.642329871,51.84170427,7.513851868
2018/11/24,11,-8.161393037,-3.363762545,67.60072564,8.827413821
2018/11/25,11,-8.605181065,0.836392138,95.5515022,8.645732645
2018/11/30,11,-5.441934412,-2.177587422,68.19120585,5.861444969
2018/12/1,12,-2.672043886,-3.578833492,36.7459107,4.466303583
2018/12/2,12,-6.722836671,0.473634804,94.02992247,6.739500191
2018/12/3,12,-1.657949884,1.092522313,123.383276,1.985548494
2018/12/11,12,-5.033704759,0.743141599,98.39809235,5.088265229
2018/12/15,12,-7.254325279,-4.43772679,58.544403,8.50403753
2018/12/18,12,-2.518334732,-6.398898792,21.48249137,6.876620941
2018/12/19,12,-4.713791391,-1.104453615,76.81332115,4.841450926
2018/12/20,12,-0.423672947,1.042305714,157.8794055,1.1251222
2018/12/21,12,-2.258932351,-1.493586398,56.52766961,2.70805755
2018/12/22,12,-5.291448664,-0.275573707,87.01878259,5.298619616
2018/12/25,12,-8.125176175,-3.147317013,68.82593914,8.713443192
2019/1/4,1,-9.125705554,3.2922053,109.8375035,9.701397713
2019/1/9,1,-8.885577545,-7.492777542,49.86068512,11.62304623
2019/1/14,1,-4.334627892,-4.861440236,41.7212977,6.513263401
2019/1/18,1,-4.068072524,-5.659535233,35.70857095,6.969903379
2019/1/19,1,-3.96290253,0.064135709,90.92719531,3.963421483
2019/1/29,1,-2.849121636,-3.980584071,35.59336991,4.89515512
2019/1/30,1,-5.70064417,1.321780716,103.0542192,5.851875615
2019/2/2,2,-5.238824223,2.853254483,118.5743207,5.965428768
2019/2/5,2,-0.841427209,8.611385449,174.4192868,8.652396148
2019/2/6,2,-0.145280564,-5.17647285,1.607615627,5.178511138
2019/2/12,2,-7.016218156,-2.565861045,69.91231733,7.470673338
2019/2/15,2,-0.16199337,4.455249041,177.9176362,4.458193117
2019/2/22,2,4.851718378,-0.584245528,276.8665135,4.886769286
2019/3/12,3,-3.445459101,-3.432280563,45.10978515,4.863305284
2019/3/13,3,-5.493242522,-0.692712473,82.81278653,5.536746696
2019/3/16,3,-7.089650348,-4.249640567,59.06090849,8.265747819
2019/3/17,3,-5.385735703,0.501274775,95.31745778,5.409013354
2019/3/19,3,-0.747417333,-4.510346144,9.409079759,4.571854657
2019/3/20,3,-3.33245743,4.719497571,144.7739212,5.777450116
2019/3/26,3,-1.512867995,-6.044120456,14.05263981,6.23058277
2019/3/27,3,-0.80855826,0.989333501,140.7417045,1.277711719
2019/4/2,4,-8.894489316,-1.124481869,82.79463242,8.965288599
2019/4/3,4,-2.315914156,7.071570905,161.8665638,7.441140601
2019/4/4,4,-8.863680126,4.353553171,116.1587787,9.87513294
2019/4/6,4,1.028321927,-1.155945518,318.3439078,1.547144474
2019/4/7,4,0.665871292,2.703166028,193.8381749,2.783970393
2019/4/8,4,-1.926715525,0.929430943,115.7522603,2.139176147
2019/4/9,4,0.424294673,7.421726763,183.2719961,7.433845177
2019/4/13,4,-5.762690309,2.523441401,113.6482718,6.290974178
2019/4/17,4,2.290379008,-6.420192689,340.366337,6.816502781
2019/4/18,4,-1.546725779,0.700334056,114.360299,1.697889403
2019/4/19,4,-3.00364544,3.670012345,140.7021022,4.742454696
2019/4/22,4,-0.570517349,3.472731287,170.6705052,3.519282972
2019/4/23,4,3.575691543,7.47360721,205.5684354,8.284948687
2019/4/24,4,2.382832688,9.585741404,193.959695,9.877465762
2019/4/28,4,-3.419476279,4.484826261,142.6761255,5.639723806
2019/4/29,4,1.544526089,3.092618723,206.5386147,3.456855711
2019/10/3,10,-1.299194437,-2.34010778,29.03840946,2.676566945
2019/10/4,10,-3.063749056,-2.088617632,55.71698095,3.707948475
2019/10/5,10,-5.037078031,-0.933302741,79.50290865,5.122812616
2019/10/10,10,-1.306701159,-6.37793407,11.57844188,6.510415572
2019/10/11,10,-0.423697559,-6.372392921,3.803971774,6.386463118
2019/10/23,10,-1.904988383,-1.888801959,45.24445424,2.682639294
2019/11/10,11,-0.227152287,-5.054524628,2.573163081,5.059626209
2019/11/12,11,-5.655892684,-3.056138635,61.61561002,6.428771687
2019/11/30,11,-14.44730735,-1.488997895,84.11564161,14.52383574
2019/12/15,12,-5.345708577,-2.004735176,69.44306718,5.709252431
2019/12/16,12,-4.470144257,1.558633022,109.2224489,4.734081387
2019/12/17,12,-0.89088235,2.238586092,158.2990997,2.409344113
2019/12/21,12,-2.813386982,3.99126513,144.8205261,4.883169427
2019/12/22,12,4.090090544,-0.669852033,279.3010098,4.144579883
2019/12/23,12,-4.748684555,-3.303742398,55.17299309,5.78486982
2019/12/25,12,-1.600136601,-1.452046256,47.77778341,2.160758078
2019/12/28,12,-8.329072278,-4.26728691,62.87228456,9.358588707
2019/12/29,12,-8.244710762,2.158305617,104.6697375,8.522531237